<?xml version="1.0" encoding="UTF-8" standalone="no"?>
<!DOCTYPE properties SYSTEM "http://java.sun.com/dtd/properties.dtd">
<properties>
<comment>Saved parameters for SchemaSpyGUI. Load it with: Quick Load Parameters</comment>
<entry key="pathOutputTField">C:\output</entry>
<entry key="aHTMLCBox">true</entry>
<entry key="descTArea"/>
<entry key="dbNameTField">ritwik_netdrivered</entry>
<entry key="tNameRExTField"/>
<entry key="dbUserTField">web</entry>
<entry key="tNameExRExTField"/>
<entry key="cssPathTField"/>
<entry key="dbHostTField">localhost</entry>
<entry key="dbTypeCBox">mssql</entry>
<entry key="noLogoCBox">false</entry>
<entry key="dbDriverPTField">C:\mysql-connector-java-5.1.23-bin.jar</entry>
<entry key="allSchemasCBox">false</entry>
<entry key="highQuCBox">true</entry>
<entry key="propertiePathTField"/>
<entry key="noAdsCBox">false</entry>
<entry key="charsetComBox"/>
<entry key="colExRelCBox">false</entry>
<entry key="schemaTField"/>
<entry key="cNameRExTField"/>
<entry key="dbPortTField">3306</entry>
<entry key="metaFilePathTField"/>
<entry key="propertiesTField"/>
<entry key="showFinishCBox">true</entry>
<entry key="savePassCBox">false</entry>
<entry key="noHTMLCBox">false</entry>
<entry key="fontSizeTField"/>
<entry key="dincFKCBox">false</entry>
<entry key="sSpyPathTField">C:\schemaSpy.jar</entry>
<entry key="dbPwdField"/>
<entry key="lowQuCBox">false</entry>
<entry key="railsCBox">false</entry>
<entry key="noRowsBox">false</entry>
<entry key="fontNameTField"/>
</properties>
